1 done#
insert into Nasabah values ('1105423-0','Ahmad fauzi','081214538421','jl. jendral ahmad yani, bandung');
insert into Nasabah values ('1105423-1','Cristianto Putra','085284759693','jl. soekarno hatta, bandung');
insert into Nasabah values ('1105423-2','Syafie','08225201016','jl. Pasir Koja 77, Bandung');
insert into Nasabah values ('1105423-3','Muhammad Zaim','08222502737','jl. Ir H Juanda 93, Bandung');
insert into Nasabah values ('1105423-4','Agus Joko Susilo','08227206533','jl. Purwakarta 57, Bandung');
insert into Nasabah values ('1105423-5','Samuel Anderson','08224241315','jl. Asia Afrika 141 - 149 Bumiputera Bldg Lt 6, Bandung');
insert into Nasabah values ('1105423-6','Friyadi Simamora','08224241315','jl. Asia Afrika 141-149 Graha Bumiputera, Bandung');
insert into Nasabah values ('1105423-7','Pujianto','08224205916','jl. Karapitan 38, Bandung');
insert into Nasabah values ('1105423-8','Wahyu Nugroho','08225226603','jl. Moh Toha 320, Bandung');
insert into Nasabah values ('1105423-9','Edwin Nurdiansyah','08224210988','jl. Pungkur 83, Balong Gede, Regol, Bandung');
insert into Nasabah values ('1105423-10','Yopie Roy Munanto','08222506697','jl. Dipati Ukur 108-110, Bandung');
insert into Nasabah values ('1105423-11','Rahardian Rahim','08227321984','jl. Banteng 46, Bandung');
insert into Nasabah values ('1105423-12','Roby Sugara','08225423934','jl. Pasar Caringin Ruko Los 2-B/34, Bandung');
insert into Nasabah values ('1105423-13','Awaluddin Siregar','08227208153','jl. Jend A Yani 319, Bandung');
insert into Nasabah values ('1105423-14','Sumitro Ariadi','08227271740','jl. Laks L RE Martadinata 160-A, Bandung');
insert into Nasabah values ('1105423-15','nidyan rahyan galit','082270347985','jl. Sukaati 27 RT 003/12, Bandung');
insert into Nasabah values ('1105423-16','Wisnu Koentjoro','08225221758','jl. Muara Raya 2, Bandung');
insert into Nasabah values ('1105423-17','Deden Hermawan','08224238978','jl. Cikawao 18, Bandung');
insert into Nasabah values ('1105423-18','Soka Adista Fajar','08226015090','jl. Sukamulya 33, Bandung');
insert into Nasabah values ('1105423-19','Muhammad Ruyat','08225203803','jl. Moh Toha Km 61/147, Bandung');

2 done#
insert into Petugas values ('P321','Hendri Mayoni','081345834943','jl. Rusa Kambangan, kec mambai, Bandung');
insert into Petugas values ('P322','Mahmud Syamsudin','08773482949','jl. Bung Hatta, Cimahi');
insert into Petugas values ('P323','T. Fany Surya Akbar','08227205556','jl. Indramayu 64-66, Bandung');
insert into Petugas values ('P324','Piqhi Rizqi','08222515223','jl. Dipati Ukur 86 RT 003/13, Bandung');
insert into Petugas values ('P325','R. Erwin Prasentianto','08227238603','jl. Jend A Yani 296 Istana Building Comm, Bandung');
insert into Petugas values ('P326','Eko Noviyanto','08224204205','jl. Pangarangan 3, Bandung');
insert into Petugas values ('P327','Didit Susanto','08227273562','jl. Jend A Yani 947-B RT 008/09, Padasuka, Bandung');
insert into Petugas values ('P328','Amy Prio Pambudi','08225221632','Komp. Ruko Kurdi no. 65, Bandung');
insert into Petugas values ('P329','Agus Kiswanto','08226033116','jl. Jend Sudirman 291 Paramount Bldg Lt I, Bandung');
insert into Petugas values ('P3210','Suwandi','08226023467','jl. Suryani 69 RT 008/10, Bandung');
insert into Petugas values ('P3211','Aris Budianto Wibowo','08224219814','jl. Ciguriang 8 A, Bandung');
insert into Petugas values ('P3212','Akhmad Junaidi','08222033953','jl. Budi Sari II 2 RT 003/05, Bandung');
insert into Petugas values ('P3213','Jeffry Wigunawan','08222018963','jl. Sukahaji 91 001/03, Bandung');
insert into Petugas values ('P3214','Stavanus Yasa Adi','08225225040','jl. Pungkur 216-B, Bandung');
insert into Petugas values ('P3215','Yoga Permana','08226022776','jl. Bojong Raya 37 RT 004/02, Bandung');
insert into Petugas values ('P3216','Hendry','08224239694','jl. Cihampelas Blk 14, Bandung');
insert into Petugas values ('P3217','Yunarko Riyanto','08225205293','jl. Moh Toha Km 5, 3/56, Bandung');
insert into Petugas values ('P3218','Deska Haerman','08227306498','jl. Kiaracondong 237, Bandung');
insert into Petugas values ('P3219','Hari Subagio','08227304852','jl. Raden Saleh 63, Bandung');
insert into Petugas values ('P3220','Wahyu Pujo Leksono','08224210900','jl. Banceuy 113, Bandung');

3#
insert into Rekening values ('130001324560','Ahmad fauzi','13000000','Gold');
insert into Rekening values ('130001345671','Cristianto Putra','24000000','Platinum');
insert into Rekening values ('130001324562','Syafie','2300000','Silver');
insert into Rekening values ('130001324563','Muhammad Zaim','560000','Silver');
insert into Rekening values ('130001324564','Agus Joko Susilo','4500000','Silver');
insert into Rekening values ('130001324565','Cristianto Putra','750000','Tabungan');
insert into Rekening values ('130001324566','Friyadi Simamora','3400000','Silver');
insert into Rekening values ('130001324567','Pujianto','45000000','Platinum');
insert into Rekening values ('130001324568','Wahyu Nugroho','50000000','Platinum');
insert into Rekening values ('130001324569','Pujianto','900000','TabunganKu');
insert into Rekening values ('130001324570','Yopie Roy Munanto','650000','TabunganKu');
insert into Rekening values ('130001324571','Rahardian Rahim','3000000','Silver');
insert into Rekening values ('130001324572','Wahyu Nugroho','4000000','TabunganKu');
insert into Rekening values ('130001324573','Roby Sugara','2300000','Silver');
insert into Rekening values ('130001324574','Sumitro Ariadi','6500000','Silver');
insert into Rekening values ('130001324575','Awaluddin Siregar','5200000','Silver');
insert into Rekening values ('130001324576','Deden Hermawan','20000000','Platinum');
insert into Rekening values ('130001324577','Wisnu Koentjoro','5000000','Silver');
insert into Rekening values ('130001324578','Muhammad Ruyat','6000000','Silver');
insert into Rekening values ('130001324579','Sumitro Ariadi','5200000','TabunganKu');

4 done#
insert into Akun values ('D4321','Ahmad Fauzi');
insert into Akun values ('D4322','Cristianto Putra');
insert into Akun values ('D4323','Syafie');
insert into Akun values ('D4324','Muhammad Zaim');
insert into Akun values ('D4325','Agus Joko Susilo');
insert into Akun values ('D4326','Samuel Anderson');
insert into Akun values ('D4327','Friyadi Simamora');
insert into Akun values ('D4328','Pujianto');
insert into Akun values ('D4329','Wahyu Nugroho');
insert into Akun values ('D4320','Edwin Nurdiansyah');
insert into Akun values ('D4331','Yopie Roy Munanto');
insert into Akun values ('D4332','Rahardian Rahim');
insert into Akun values ('D4333','Roby Sugara');
insert into Akun values ('D4334','Awaluddin Siregar');
insert into Akun values ('D4335','Sumitro Ariadi');
insert into Akun values ('D4336','Nidyan Rahyan Warigalit');
insert into Akun values ('D4337','Wisnu Koentjoro');
insert into Akun values ('D4338','Deden Hermawan');
insert into Akun values ('D4339','Soka Adista Fajar Wirawan');
insert into Akun values ('D4330','Muhammad Ruyat');
insert into Akun values ('D4341','Ahmad Fauzi');
insert into Akun values ('D4342','Cristianto Putra');

alter table Rekening modify no_rekening char(20);
alter table Rekening modify no_rekening char(20);
5#
insert into Cabang Values ('C5671','bank cabang Soekarno Hatta','jl. Soekarno Hatta, Bandung');
insert into Cabang Values ('C5672','bank cabang Parongrong','jl. ahmad yani, kab parongrong, Bandung');
insert into Cabang Values ('C5673','bank cabang Ciroyom','jl. Waringin 21, Ciroyom, Andir, Bandung');
insert into Cabang Values ('C5674','bank cabang Kebonlega','jl. Soekarno Hatta Km 10, Kebonlega, Bojong Kidul, Bandung');
insert into Cabang Values ('C5675','bank cabang Cibereum','jl. Raya Cibereum 26, Bandung');
insert into Cabang Values ('C5676','bank cabang Kopo Indah','Kompl Taman Kopo Indah II Bl I-A/37, Bandung');
insert into Cabang Values ('C5677','bank cabang Alam Sutera','Kompl Alam Sutera 52, Bandung');
insert into Cabang Values ('C5678','bank cabang Sukajadi','jl. Sukajadi 68, Bandung');
insert into Cabang Values ('C5679','bank cabang Kupa','jl. Kupa 10, Bandung');
insert into Cabang Values ('C5670','bank cabang Kb Jati','jl. Kb Jati 31, Bandung');
insert into Cabang Values ('C5681','bank cabang Psr Baru','Psr Baru Bl D/10 Lt Dasar 1, Bandung');
insert into Cabang Values ('C5682','bank cabang Sadang Serang','jl. Sadang Serang 3, Bandung');
insert into Cabang Values ('C5683','bank cabang Sumur Bandung','jl. Sumur Bandung 12, Bandung');
insert into Cabang Values ('C5684','bank cabang Martadinata','jl. Laks L RE Martadinata 154, Merdeka, Bandung');
insert into Cabang Values ('C5685','bank cabang Paris Van Java','jl. Sukajadi 137 Paris Van Java, Bandung');
insert into Cabang Values ('C5686','bank cabang Sudirman','jl. Jend Sudirman 603 RT 004/10, Bandung');
insert into Cabang Values ('C5687','bank cabang Riau','jl. Riau 169, Bandung');
insert into Cabang Values ('C5688','bank cabang Kompl Marga','jl. Saturnus Tmr 20, Kompl Marga, Bandung');
insert into Cabang Values ('C5689','bank cabang Sumbawa','jl. Sumbawa 9, Bandung');
insert into Cabang Values ('C5680','bank cabang Rajawali','jl. Rajawali Tmr 22 RT 001/03, Bandung');

6#
insert into Memiliki Values ('M123','130001324560','1105423-0');
insert into Memiliki Values ('M134','130001345671','1105423-1');
insert into Memiliki Values ('M135','130001324562','1105423-2');
insert into Memiliki Values ('M136','130001324563','1105423-3');
insert into Memiliki Values ('M137','130001324564','1105423-4');
insert into Memiliki Values ('M138','130001324565','1105423-1');
insert into Memiliki Values ('M139','130001324566','1105423-6');
insert into Memiliki Values ('M140','130001324567','1105423-7');
insert into Memiliki Values ('M141','130001324568','1105423-8');
insert into Memiliki Values ('M142','130001324569','1105423-7');

7#
insert into Melayani Values ('PM130','M123','P321');
insert into Melayani Values ('PM131','M134','P322');
insert into Melayani Values ('PM132','M135','P323');
insert into Melayani Values ('PM133','M136','P324');
insert into Melayani Values ('PM134','M137','P325');
insert into Melayani Values ('PM135','M138','P326');
insert into Melayani Values ('PM136','M139','P327');
insert into Melayani Values ('PM137','M140','P328');
insert into Melayani Values ('PM138','M141','P329');
insert into Melayani Values ('PM139','M142','P3210');
8#
insert into Teller Values ('T751','P321');
insert into Teller Values ('T752','P322');
insert into Teller Values ('T753','P323');
insert into Teller Values ('T754','P324');
insert into Teller Values ('T755','P325');
insert into Teller Values ('T756','P326');
insert into Teller Values ('T757','P327');
insert into Teller Values ('T758','P328');
insert into Teller Values ('T759','P329');
insert into Teller Values ('T760','P3210');

9#
insert into CS Values ('CS951','P3211');
insert into CS Values ('CS952','P3212');
insert into CS Values ('CS953','P3213');
insert into CS Values ('CS954','P3214');
insert into CS Values ('CS955','P3215');
insert into CS Values ('CS956','P3216');
insert into CS Values ('CS957','P3217');
insert into CS Values ('CS958','P3218');
insert into CS Values ('CS959','P3219');
insert into CS Values ('CS960','P3220');

10#
insert into Rekening_Giro Values ('2000000','D4321');
insert into Rekening_Giro Values ('6000000','D4322');
insert into Rekening_Giro Values ('10000000','D4328');
insert into Rekening_Giro Values ('15000000','D4329');
insert into Rekening_Giro Values ('5000000','D4338');
11#
insert into Tabungan Values ('230000','D4323');
insert into Tabungan Values ('450000','D4325');
insert into Tabungan Values ('300000','D4332');
insert into Tabungan Values ('650000','D4335');
insert into Tabungan Values ('500000','D4337');

12#
insert into Depositor Values ('R551','1105423-0','D4321');
insert into Depositor Values ('R552','1105423-1','D4322');
insert into Depositor Values ('R553','1105423-7','D4328');
insert into Depositor Values ('R554','1105423-8','D4329');
insert into Depositor Values ('R555','1105423-17','D4338');
insert into Depositor Values ('R556','1105423-2','D4323');
insert into Depositor Values ('R557','1105423-4','D4325');
insert into Depositor Values ('R558','1105423-11','D4332');
insert into Depositor Values ('R559','1105423-14','D4335');
insert into Depositor Values ('R550','1105423-16','D4337');

13#
insert into Peminjaman Values ('10091','1 Januari 2017','10000000','1105423-2','C5671');
insert into Peminjaman Values ('10092','5 September 2016','5000000','1105423-4','C5675');
insert into Peminjaman Values ('10093','17 Januari 2017','4500000','1105423-11','C5677');
insert into Peminjaman Values ('10094','8 February 2016','15000000','1105423-14','C5679');
insert into Peminjaman Values ('10095','8 Juni 2016','14000000','1105423-16','C5684');
insert into Peminjaman Values ('10096','9 Agustus 2016','2500000','1105423-3','C5686');
insert into Peminjaman Values ('10097','15 Mei 2016','8000000','1105423-6','C5681');
insert into Peminjaman Values ('10098','19 Maret 2017','5400000','1105423-10','C5673');
insert into Peminjaman Values ('10099','24 Maret 2016','5000000','1105423-19','C5682');
insert into Peminjaman Values ('10090','27 November 2016','10000000','1105423-12','C5685');

14#
insert into Pembayaran Values ('100261','5000000','26 Mei 2017','10091','Belum Lunas');
insert into Pembayaran Values ('100262','5000000','18 Maret 2017','10092','Lunas');
insert into Pembayaran Values ('100263','4500000','5 Agustus 2017','10093','Lunas');
insert into Pembayaran Values ('100264','10000000','20 Desember 2016','10094','Belum Lunas');
insert into Pembayaran Values ('100265','10000000','4 Januari 2017','10095','Belum Lunas');
insert into Pembayaran Values ('100266','2500000','3 April 2017','10096','Lunas');
insert into Pembayaran Values ('100267','8000000','18 Agustus 2017','10097','Lunas');
insert into Pembayaran Values ('100268','5400000','15 Oktober 2017','10098','Lunas');
insert into Pembayaran Values ('100269','5000000','1 Februari 2017','10099','Lunas');
insert into Pembayaran Values ('100260','8000000','26 April 2017','10090','Belum Lunas');

